{
    "pravda": {
        "precision": 0.5714285714285714,
        "recall": 0.8,
        "f1-score": 0.6666666666666666,
        "support": 10.0
    },
    "nepravda": {
        "precision": 0.6666666666666666,
        "recall": 0.4,
        "f1-score": 0.5,
        "support": 10.0
    },
    "accuracy": 0.6,
    "macro avg": {
        "precision": 0.6190476190476191,
        "recall": 0.6000000000000001,
        "f1-score": 0.5833333333333333,
        "support": 20.0
    },
    "weighted avg": {
        "precision": 0.619047619047619,
        "recall": 0.6,
        "f1-score": 0.5833333333333333,
        "support": 20.0
    }
}