{
    "pravda": {
        "precision": 1.0,
        "recall": 0.3,
        "f1-score": 0.46153846153846156,
        "support": 10.0
    },
    "nepravda": {
        "precision": 0.8,
        "recall": 0.8,
        "f1-score": 0.8,
        "support": 10.0
    },
    "micro avg": {
        "precision": 0.8461538461538461,
        "recall": 0.55,
        "f1-score": 0.6666666666666666,
        "support": 20.0
    },
    "macro avg": {
        "precision": 0.9,
        "recall": 0.55,
        "f1-score": 0.6307692307692307,
        "support": 20.0
    },
    "weighted avg": {
        "precision": 0.9,
        "recall": 0.55,
        "f1-score": 0.6307692307692309,
        "support": 20.0
    }
}