{
    "pravda": {
        "precision": 0.4166666666666667,
        "recall": 0.5,
        "f1-score": 0.45454545454545453,
        "support": 10.0
    },
    "nepravda": {
        "precision": 0.6,
        "recall": 0.3,
        "f1-score": 0.4,
        "support": 10.0
    },
    "micro avg": {
        "precision": 0.47058823529411764,
        "recall": 0.4,
        "f1-score": 0.43243243243243246,
        "support": 20.0
    },
    "macro avg": {
        "precision": 0.5083333333333333,
        "recall": 0.4,
        "f1-score": 0.42727272727272725,
        "support": 20.0
    },
    "weighted avg": {
        "precision": 0.5083333333333334,
        "recall": 0.4,
        "f1-score": 0.42727272727272725,
        "support": 20.0
    }
}