{
    "pravda": {
        "precision": 0.3333333333333333,
        "recall": 0.1,
        "f1-score": 0.15384615384615385,
        "support": 10.0
    },
    "nepravda": {
        "precision": NaN,
        "recall": 0.0,
        "f1-score": 0.0,
        "support": 10.0
    },
    "neověřitelné": {
        "precision": NaN,
        "recall": 0.0,
        "f1-score": 0.0,
        "support": 9.0
    },
    "micro avg": {
        "precision": 0.3333333333333333,
        "recall": 0.034482758620689655,
        "f1-score": 0.0625,
        "support": 29.0
    },
    "macro avg": {
        "precision": 0.3333333333333333,
        "recall": 0.03333333333333333,
        "f1-score": 0.05128205128205129,
        "support": 29.0
    },
    "weighted avg": {
        "precision": 0.3333333333333333,
        "recall": 0.034482758620689655,
        "f1-score": 0.05305039787798409,
        "support": 29.0
    }
}