{
    "pravda": {
        "precision": 1.0,
        "recall": 0.2,
        "f1-score": 0.3333333333333333,
        "support": 10.0
    },
    "nepravda": {
        "precision": 1.0,
        "recall": 0.1,
        "f1-score": 0.18181818181818182,
        "support": 10.0
    },
    "neověřitelné": {
        "precision": 0.38461538461538464,
        "recall": 1.0,
        "f1-score": 0.5555555555555556,
        "support": 10.0
    },
    "micro avg": {
        "precision": 0.4482758620689655,
        "recall": 0.43333333333333335,
        "f1-score": 0.4406779661016949,
        "support": 30.0
    },
    "macro avg": {
        "precision": 0.7948717948717948,
        "recall": 0.43333333333333335,
        "f1-score": 0.3569023569023569,
        "support": 30.0
    },
    "weighted avg": {
        "precision": 0.7948717948717949,
        "recall": 0.43333333333333335,
        "f1-score": 0.3569023569023569,
        "support": 30.0
    }
}