{
    "pravda": {
        "precision": 0.6666666666666666,
        "recall": 0.2,
        "f1-score": 0.3076923076923077,
        "support": 10.0
    },
    "nepravda": {
        "precision": 0.4444444444444444,
        "recall": 0.4,
        "f1-score": 0.42105263157894735,
        "support": 10.0
    },
    "micro avg": {
        "precision": 0.5,
        "recall": 0.3,
        "f1-score": 0.375,
        "support": 20.0
    },
    "macro avg": {
        "precision": 0.5555555555555556,
        "recall": 0.30000000000000004,
        "f1-score": 0.3643724696356275,
        "support": 20.0
    },
    "weighted avg": {
        "precision": 0.5555555555555556,
        "recall": 0.3,
        "f1-score": 0.3643724696356275,
        "support": 20.0
    }
}