{
    "pravda": {
        "precision": 0.75,
        "recall": 0.3,
        "f1-score": 0.42857142857142855,
        "support": 10.0
    },
    "nepravda": {
        "precision": 0.26666666666666666,
        "recall": 0.4,
        "f1-score": 0.32,
        "support": 10.0
    },
    "neověřitelné": {
        "precision": 0.36363636363636365,
        "recall": 0.4,
        "f1-score": 0.38095238095238093,
        "support": 10.0
    },
    "accuracy": 0.36666666666666664,
    "macro avg": {
        "precision": 0.4601010101010101,
        "recall": 0.3666666666666667,
        "f1-score": 0.3765079365079365,
        "support": 30.0
    },
    "weighted avg": {
        "precision": 0.46010101010101007,
        "recall": 0.36666666666666664,
        "f1-score": 0.37650793650793646,
        "support": 30.0
    }
}