{
    "pravda": {
        "precision": 0.6,
        "recall": 0.3,
        "f1-score": 0.4,
        "support": 10.0
    },
    "nepravda": {
        "precision": 0.4375,
        "recall": 0.7,
        "f1-score": 0.5384615384615384,
        "support": 10.0
    },
    "neověřitelné": {
        "precision": 0.5555555555555556,
        "recall": 0.5,
        "f1-score": 0.5263157894736842,
        "support": 10.0
    },
    "accuracy": 0.5,
    "macro avg": {
        "precision": 0.5310185185185186,
        "recall": 0.5,
        "f1-score": 0.48825910931174094,
        "support": 30.0
    },
    "weighted avg": {
        "precision": 0.5310185185185186,
        "recall": 0.5,
        "f1-score": 0.4882591093117409,
        "support": 30.0
    }
}