{
    "pravda": {
        "precision": 1.0,
        "recall": 0.7,
        "f1-score": 0.8235294117647058,
        "support": 10.0
    },
    "nepravda": {
        "precision": 0.7692307692307693,
        "recall": 1.0,
        "f1-score": 0.8695652173913043,
        "support": 10.0
    },
    "accuracy": 0.85,
    "macro avg": {
        "precision": 0.8846153846153846,
        "recall": 0.85,
        "f1-score": 0.8465473145780051,
        "support": 20.0
    },
    "weighted avg": {
        "precision": 0.8846153846153847,
        "recall": 0.85,
        "f1-score": 0.846547314578005,
        "support": 20.0
    }
}