{
    "pravda": {
        "precision": 1.0,
        "recall": 0.1,
        "f1-score": 0.18181818181818182,
        "support": 10.0
    },
    "nepravda": {
        "precision": NaN,
        "recall": 0.0,
        "f1-score": 0.0,
        "support": 10.0
    },
    "neověřitelné": {
        "precision": NaN,
        "recall": 0.0,
        "f1-score": 0.0,
        "support": 10.0
    },
    "micro avg": {
        "precision": 1.0,
        "recall": 0.03333333333333333,
        "f1-score": 0.06451612903225806,
        "support": 30.0
    },
    "macro avg": {
        "precision": 1.0,
        "recall": 0.03333333333333333,
        "f1-score": 0.06060606060606061,
        "support": 30.0
    },
    "weighted avg": {
        "precision": 1.0,
        "recall": 0.03333333333333333,
        "f1-score": 0.060606060606060615,
        "support": 30.0
    }
}