{
    "pravda": {
        "precision": 0.5555555555555556,
        "recall": 1.0,
        "f1-score": 0.7142857142857143,
        "support": 10.0
    },
    "nepravda": {
        "precision": 1.0,
        "recall": 0.1,
        "f1-score": 0.18181818181818182,
        "support": 10.0
    },
    "micro avg": {
        "precision": 0.5789473684210527,
        "recall": 0.55,
        "f1-score": 0.5641025641025641,
        "support": 20.0
    },
    "macro avg": {
        "precision": 0.7777777777777778,
        "recall": 0.55,
        "f1-score": 0.44805194805194803,
        "support": 20.0
    },
    "weighted avg": {
        "precision": 0.7777777777777778,
        "recall": 0.55,
        "f1-score": 0.44805194805194815,
        "support": 20.0
    }
}