{
    "pravda": {
        "precision": 0.5,
        "recall": 0.7,
        "f1-score": 0.5833333333333334,
        "support": 10.0
    },
    "nepravda": {
        "precision": NaN,
        "recall": 0.0,
        "f1-score": 0.0,
        "support": 10.0
    },
    "micro avg": {
        "precision": 0.5,
        "recall": 0.35,
        "f1-score": 0.4117647058823529,
        "support": 20.0
    },
    "macro avg": {
        "precision": 0.5,
        "recall": 0.35,
        "f1-score": 0.2916666666666667,
        "support": 20.0
    },
    "weighted avg": {
        "precision": 0.5,
        "recall": 0.35,
        "f1-score": 0.2916666666666667,
        "support": 20.0
    }
}