{
    "pravda": {
        "precision": 0.6666666666666666,
        "recall": 0.6,
        "f1-score": 0.631578947368421,
        "support": 10.0
    },
    "nepravda": {
        "precision": NaN,
        "recall": 0.0,
        "f1-score": 0.0,
        "support": 10.0
    },
    "micro avg": {
        "precision": 0.6666666666666666,
        "recall": 0.3,
        "f1-score": 0.41379310344827586,
        "support": 20.0
    },
    "macro avg": {
        "precision": 0.6666666666666666,
        "recall": 0.3,
        "f1-score": 0.3157894736842105,
        "support": 20.0
    },
    "weighted avg": {
        "precision": 0.6666666666666666,
        "recall": 0.3,
        "f1-score": 0.3157894736842105,
        "support": 20.0
    }
}