{
    "pravda": {
        "precision": NaN,
        "recall": 0.0,
        "f1-score": 0.0,
        "support": 10.0
    },
    "nepravda": {
        "precision": NaN,
        "recall": 0.0,
        "f1-score": 0.0,
        "support": 10.0
    },
    "neověřitelné": {
        "precision": 0.3333333333333333,
        "recall": 1.0,
        "f1-score": 0.5,
        "support": 10.0
    },
    "accuracy": 0.3333333333333333,
    "macro avg": {
        "precision": 0.3333333333333333,
        "recall": 0.3333333333333333,
        "f1-score": 0.16666666666666666,
        "support": 30.0
    },
    "weighted avg": {
        "precision": 0.3333333333333333,
        "recall": 0.3333333333333333,
        "f1-score": 0.16666666666666666,
        "support": 30.0
    }
}