{
    "pravda": {
        "precision": 0.8,
        "recall": 0.8,
        "f1-score": 0.8,
        "support": 10.0
    },
    "nepravda": {
        "precision": 0.6923076923076923,
        "recall": 0.9,
        "f1-score": 0.782608695652174,
        "support": 10.0
    },
    "neověřitelné": {
        "precision": 0.8571428571428571,
        "recall": 0.6,
        "f1-score": 0.7058823529411765,
        "support": 10.0
    },
    "accuracy": 0.7666666666666667,
    "macro avg": {
        "precision": 0.7831501831501831,
        "recall": 0.7666666666666667,
        "f1-score": 0.762830349531117,
        "support": 30.0
    },
    "weighted avg": {
        "precision": 0.7831501831501833,
        "recall": 0.7666666666666667,
        "f1-score": 0.7628303495311167,
        "support": 30.0
    }
}