{
    "pravda": {
        "precision": NaN,
        "recall": 0.0,
        "f1-score": 0.0,
        "support": 10.0
    },
    "nepravda": {
        "precision": 0.6666666666666666,
        "recall": 0.2,
        "f1-score": 0.3076923076923077,
        "support": 10.0
    },
    "neověřitelné": {
        "precision": 0.37037037037037035,
        "recall": 1.0,
        "f1-score": 0.5405405405405406,
        "support": 10.0
    },
    "accuracy": 0.4,
    "macro avg": {
        "precision": 0.5185185185185185,
        "recall": 0.39999999999999997,
        "f1-score": 0.28274428274428276,
        "support": 30.0
    },
    "weighted avg": {
        "precision": 0.5185185185185185,
        "recall": 0.4,
        "f1-score": 0.2827442827442827,
        "support": 30.0
    }
}