{
    "pravda": {
        "precision": 0.75,
        "recall": 0.6,
        "f1-score": 0.6666666666666666,
        "support": 10.0
    },
    "nepravda": {
        "precision": 0.7272727272727273,
        "recall": 0.8,
        "f1-score": 0.7619047619047619,
        "support": 10.0
    },
    "neověřitelné": {
        "precision": 0.7272727272727273,
        "recall": 0.8,
        "f1-score": 0.7619047619047619,
        "support": 10.0
    },
    "accuracy": 0.7333333333333333,
    "macro avg": {
        "precision": 0.7348484848484849,
        "recall": 0.7333333333333334,
        "f1-score": 0.7301587301587301,
        "support": 30.0
    },
    "weighted avg": {
        "precision": 0.7348484848484849,
        "recall": 0.7333333333333333,
        "f1-score": 0.7301587301587301,
        "support": 30.0
    }
}