{
    "pravda": {
        "precision": 0.6666666666666666,
        "recall": 0.4,
        "f1-score": 0.5,
        "support": 10.0
    },
    "nepravda": {
        "precision": 0.7,
        "recall": 0.7,
        "f1-score": 0.7,
        "support": 10.0
    },
    "neověřitelné": {
        "precision": 0.7142857142857143,
        "recall": 0.5555555555555556,
        "f1-score": 0.625,
        "support": 9.0
    },
    "micro avg": {
        "precision": 0.6956521739130435,
        "recall": 0.5517241379310345,
        "f1-score": 0.6153846153846154,
        "support": 29.0
    },
    "macro avg": {
        "precision": 0.6936507936507937,
        "recall": 0.5518518518518519,
        "f1-score": 0.6083333333333333,
        "support": 29.0
    },
    "weighted avg": {
        "precision": 0.6929392446633826,
        "recall": 0.5517241379310345,
        "f1-score": 0.6077586206896551,
        "support": 29.0
    }
}