{
    "pravda": {
        "precision": NaN,
        "recall": 0.0,
        "f1-score": 0.0,
        "support": 10.0
    },
    "nepravda": {
        "precision": 1.0,
        "recall": 0.3,
        "f1-score": 0.46153846153846156,
        "support": 10.0
    },
    "micro avg": {
        "precision": 1.0,
        "recall": 0.15,
        "f1-score": 0.2608695652173913,
        "support": 20.0
    },
    "macro avg": {
        "precision": 1.0,
        "recall": 0.15,
        "f1-score": 0.23076923076923078,
        "support": 20.0
    },
    "weighted avg": {
        "precision": 1.0,
        "recall": 0.15,
        "f1-score": 0.23076923076923078,
        "support": 20.0
    }
}