{
    "pravda": {
        "precision": 0.6,
        "recall": 0.3,
        "f1-score": 0.4,
        "support": 10.0
    },
    "nepravda": {
        "precision": 0.5333333333333333,
        "recall": 0.8,
        "f1-score": 0.64,
        "support": 10.0
    },
    "accuracy": 0.55,
    "macro avg": {
        "precision": 0.5666666666666667,
        "recall": 0.55,
        "f1-score": 0.52,
        "support": 20.0
    },
    "weighted avg": {
        "precision": 0.5666666666666667,
        "recall": 0.55,
        "f1-score": 0.52,
        "support": 20.0
    }
}