{
    "pravda": {
        "precision": 0.8571428571428571,
        "recall": 0.6,
        "f1-score": 0.7058823529411765,
        "support": 10.0
    },
    "nepravda": {
        "precision": 0.6923076923076923,
        "recall": 0.9,
        "f1-score": 0.782608695652174,
        "support": 10.0
    },
    "accuracy": 0.75,
    "macro avg": {
        "precision": 0.7747252747252746,
        "recall": 0.75,
        "f1-score": 0.7442455242966752,
        "support": 20.0
    },
    "weighted avg": {
        "precision": 0.7747252747252747,
        "recall": 0.75,
        "f1-score": 0.7442455242966752,
        "support": 20.0
    }
}